,,
0.0,0.296000004,10.8564005
4.99999987e-05,0.296000004,10.8437548
9.99999975e-05,0.296000004,10.8500776
0.000149999993,0.296000004,10.7678795
0.000199999995,0.296000004,10.6161299
0.000249999983,0.296000004,10.4327669
0.000299999985,0.296000004,10.2367573
0.000349999988,0.395999998,10.028101
0.00039999999,0.395999998,9.82576847
0.000449999992,0.395999998,9.59814548
0.000499999966,0.296000004,9.61711407
0.000549999997,0.296000004,9.7498951
0.00059999997,0.296000004,10.0786839
0.000650000002,0.296000004,10.293663
0.000699999975,0.395999998,10.4074745
0.000750000007,0.395999998,10.4264431
0.00079999998,0.395999998,10.4201212
0.000849999953,0.395999998,10.4137983
0.000899999985,0.395999998,10.5529013
0.000949999958,0.395999998,10.7805262
0.000999999931,0.296000004,11.0713787
0.00104999996,0.395999998,11.3875227
0.00109999999,0.395999998,11.6846991
0.00115000003,0.395999998,11.7668962
0.00119999994,0.296000004,11.8301249
0.00124999997,0.296000004,11.8807077
0.0013,0.296000004,11.956583
0.00134999992,0.395999998,11.8743849
0.00139999995,0.296000004,11.6720524
0.00144999998,0.296000004,11.3811998
0.00150000001,0.395999998,11.1788673
0.00154999993,0.395999998,10.9322739
0.00159999996,0.395999998,10.6477442
0.00164999999,0.395999998,10.521287
0.00169999991,0.395999998,10.4959955
0.00174999994,0.296000004,10.6224527
0.00179999997,0.296000004,10.8753691
0.00185,0.296000004,11.1788673
0.00189999992,0.395999998,11.3053255
0.00194999995,0.395999998,11.2673883
0.00199999986,0.296000004,11.1662216
0.00205000001,0.296000004,11.0966702
0.00209999993,0.395999998,11.1093159
0.00214999984,0.395999998,11.0207949
0.00219999999,0.395999998,10.8753691
0.0022499999,0.395999998,10.8184633
0.00230000005,0.395999998,10.8564005
0.00234999997,0.296000004,10.9891806
0.00239999988,0.395999998,11.1978359
0.00245000003,0.296000004,11.463398
0.00249999994,0.395999998,11.4886894
0.00254999986,0.395999998,11.6214695
0.00260000001,0.296000004,11.5645628
0.00264999992,0.296000004,11.5392723
0.00269999984,0.395999998,11.5582409
0.00274999999,0.296000004,11.4570751
0.0027999999,0.395999998,11.2673883
0.00284999982,0.395999998,11.1598997
0.00289999996,0.296000004,10.9765348
0.00294999988,0.296000004,10.9069834
0.00300000003,0.395999998,10.925952
0.00304999994,0.296000004,10.881691
0.00309999986,0.296000004,10.7742023
0.00315,0.395999998,10.7615576
0.00319999992,0.296000004,10.6920052
0.00324999983,0.296000004,10.5781937
0.00329999998,0.395999998,10.5781937
0.0033499999,0.296000004,10.5086422
0.00339999981,0.296000004,10.4137983
0.00344999996,0.296000004,10.4137983
0.00349999988,0.296000004,10.382184
0.00355000002,0.296000004,10.293663
0.00359999994,0.296000004,10.1861734
0.00364999985,0.296000004,10.0533934
0.0037,0.296000004,9.92061234
0.00374999992,0.296000004,9.76886272
0.00379999983,0.395999998,9.62343788
0.00384999998,0.296000004,9.50330162
0.00389999989,0.296000004,9.38316727
0.00394999981,0.296000004,9.44639492
0.00399999972,0.296000004,9.51594734
0.00405000011,0.296000004,9.56653118
0.00410000002,0.296000004,9.59814548
0.00414999994,0.395999998,9.61079121
0.00419999985,0.296000004,9.5791769
0.00424999977,0.296000004,9.55388451
0.00429999968,0.395999998,9.67402077
0.00435000006,0.296000004,9.7498951
0.00439999998,0.296000004,9.79415417
0.00444999989,0.296000004,9.96487331
0.00449999981,0.395999998,10.0723619
0.00454999972,0.296000004,10.0850077
0.0046000001,0.296000004,10.0723619
0.00465000002,0.296000004,10.1608829
0.00469999993,0.296000004,10.1924973
0.00474999985,0.296000004,10.1419134
0.00479999976,0.395999998,10.0533934
0.00484999968,0.395999998,10.0407467
0.00490000006,0.296000004,9.81944656
0.00494999997,0.296000004,9.83841515
0.00499999989,0.395999998,10.0028105
0.0050499998,0.296000004,10.1229448
0.00509999972,0.296000004,10.1735277
0.0051500001,0.395999998,10.293663
0.00520000001,0.395999998,10.382184
0.00524999993,0.296000004,10.3632145
0.00529999984,0.395999998,10.4580574
0.00534999976,0.296000004,10.6414213
0.00539999967,0.296000004,10.7046509
0.00545000006,0.296000004,10.8437548
0.00549999997,0.296000004,10.8627234
0.00554999989,0.395999998,10.7868481
0.0055999998,0.296000004,10.6477442
0.00564999972,0.296000004,10.4580574
0.00569999963,0.395999998,10.382184
0.00575000001,0.296000004,10.2683716
0.00579999993,0.395999998,10.1482372
0.00584999984,0.296000004,10.1545591
0.00589999976,0.395999998,10.1229448
0.00594999967,0.296000004,10.2367573
0.00600000005,0.296000004,10.2746954
0.00604999997,0.296000004,10.4327669
0.00609999988,0.296000004,10.4833498
0.0061499998,0.395999998,10.4833498
0.00619999971,0.395999998,10.4011526
0.00624999963,0.395999998,10.2873402
0.00630000001,0.395999998,10.2746954
0.00634999992,0.296000004,10.382184
0.00639999984,0.395999998,10.6034842
0.00644999975,0.296000004,10.925952
0.00649999967,0.395999998,11.0524101
0.00655000005,0.395999998,11.2231274
0.00659999996,0.395999998,11.2547417
0.00664999988,0.296000004,11.3053255
0.00669999979,0.395999998,11.4001684
0.00674999971,0.296000004,11.5455942
0.00679999962,0.395999998,11.5266256
0.00685000001,0.395999998,11.5392723
0.00689999992,0.296000004,11.4317837
0.00694999984,0.395999998,11.4001684
0.00699999975,0.395999998,11.4128151
0.00704999967,0.296000004,11.3116474
0.00710000005,0.395999998,11.2610645
0.00714999996,0.395999998,11.3432627
0.00719999988,0.296000004,11.2800331
0.00724999979,0.296000004,11.2800331
0.00729999971,0.296000004,11.3875227
0.00734999962,0.296000004,11.3369398
0.0074,0.296000004,11.2041588
0.00744999992,0.296000004,11.0018263
0.00749999983,0.296000004,10.7489109
0.00754999975,0.296000004,10.4770269
0.00759999966,0.395999998,10.2177887
0.00764999958,0.395999998,9.95855045
0.00769999996,0.296000004,9.71827984
0.00774999987,0.296000004,9.64872837
0.00779999979,0.296000004,9.73724842
0.0078499997,0.296000004,9.83209229
0.00789999962,0.296000004,9.90164375
0.00794999953,0.395999998,9.91428947
0.00799999945,0.395999998,9.90164375
0.00804999936,0.296000004,9.86370659
0.00810000021,0.395999998,9.95855045
0.00815000013,0.395999998,10.1672049
0.00820000004,0.296000004,10.3126307
0.00824999996,0.296000004,10.5402565
0.00829999987,0.395999998,10.7742023
0.00834999979,0.395999998,10.9385977
0.0083999997,0.296000004,10.9322739
0.00844999962,0.296000004,10.9891806
0.00849999953,0.296000004,11.0840244
0.00854999945,0.296000004,11.0777016
0.00859999936,0.395999998,10.970212
0.00865000021,0.296000004,10.7868481
0.00870000012,0.395999998,10.5718708
0.00875000004,0.296000004,10.4707041
0.00879999995,0.395999998,10.3315992
0.00884999987,0.395999998,10.3189545
0.00889999978,0.296000004,10.2746954
0.0089499997,0.395999998,10.3568916
0.00899999961,0.296000004,10.5971613
0.00904999953,0.395999998,10.6730366
0.00909999944,0.395999998,10.837431
0.00914999936,0.395999998,10.837431
0.0092000002,0.296000004,11.0018263
0.00925000012,0.296000004,11.1725454
0.00930000003,0.296000004,11.3938465
0.00934999995,0.395999998,11.4317837
0.00939999986,0.395999998,11.3432627
0.00944999978,0.296000004,11.1535759
0.00949999969,0.395999998,11.0397635
0.00954999961,0.395999998,11.0081491
0.00959999952,0.395999998,10.8943367
0.00964999944,0.395999998,10.8943367
0.00969999935,0.395999998,10.9828577
0.0097500002,0.395999998,11.1598997
0.00980000012,0.296000004,11.3622313
0.00985000003,0.296000004,11.6151476
0.00989999995,0.296000004,11.8301249
0.00994999986,0.395999998,11.8870316
0.00999999978,0.296000004,11.7605734
0.0100499997,0.296000004,11.551918
0.0100999996,0.296000004,11.3622313
0.0101499995,0.395999998,11.1346073
0.0101999994,0.395999998,10.8437548
0.0102499994,0.395999998,10.5465794
0.0103000002,0.395999998,10.382184
0.0103500001,0.296000004,10.3505688
0.0104,0.296000004,10.4580574
0.0104499999,0.395999998,10.6920052
0.0104999999,0.395999998,10.8247862
0.0105499998,0.395999998,10.8500776
0.0105999997,0.395999998,10.9385977
0.0106499996,0.296000004,11.0840244
0.0106999995,0.395999998,11.2990026
0.0107499994,0.395999998,11.5392723
0.0107999993,0.296000004,11.5835323
0.0108499993,0.395999998,11.6341152
0.0109000001,0.395999998,11.7163134
0.01095,0.296000004,11.6530838
0.0109999999,0.395999998,11.6088238
0.0110499999,0.296000004,11.6088238
0.0110999998,0.296000004,11.5076571
0.0111499997,0.296000004,11.4570751
0.0111999996,0.296000004,11.2990026
0.0112499995,0.296000004,11.0840244
0.0112999994,0.296000004,10.8437548
0.0113499993,0.296000004,10.5781937
0.0113999993,0.395999998,10.2999849
0.0114500001,0.296000004,10.0597153
0.0115,0.395999998,9.76886272
0.0115499999,0.296000004,9.6929884
0.0115999999,0.296000004,9.62343788
0.0116499998,0.296000004,9.73092556
0.0116999997,0.296000004,9.80679989
0.0117499996,0.395999998,9.87635326
0.0117999995,0.296000004,9.90164375
0.0118499994,0.395999998,9.87635326
0.0118999993,0.395999998,9.99648666
0.0119499993,0.296000004,10.0597153
0.0120000001,0.395999998,10.2367573
0.01205,0.296000004,10.5023184
0.0120999999,0.395999998,10.6350994
0.0121499998,0.296000004,10.831109
0.0121999998,0.395999998,10.8943367
0.0122499997,0.296000004,11.0081491
0.0122999996,0.296000004,10.9891806
0.0123499995,0.296000004,11.0524101
0.0123999994,0.395999998,11.0271177
0.0124499993,0.395999998,10.8500776
0.0124999993,0.395999998,10.6730366
0.0125500001,0.395999998,10.5845156
0.0126,0.395999998,10.5908384
0.0126499999,0.296000004,10.7362652
0.0126999998,0.395999998,10.9638882
0.0127499998,0.395999998,11.2294502
0.0127999997,0.395999998,11.3369398
0.0128499996,0.395999998,11.463398
0.0128999995,0.296000004,11.6151476
0.0129499994,0.296000004,11.7732191
0.0129999993,0.395999998,11.9312916
0.0130499993,0.296000004,11.8996773
0.0131000001,0.296000004,11.7352819
0.01315,0.395999998,11.5708866
0.0131999999,0.296000004,11.4001684
0.0132499998,0.395999998,11.1156387
0.0132999998,0.395999998,10.9385977
0.0133499997,0.296000004,10.7172966
0.0133999996,0.296000004,10.6414213
0.0134499995,0.296000004,10.6730366
0.0134999994,0.296000004,10.6414213
0.0135499993,0.296000004,10.5718708
0.0135999992,0.395999998,10.4517355
0.0136500001,0.296000004,10.3126307
0.0137,0.296000004,10.1419134
0.0137499999,0.395999998,10.1039762
0.0137999998,0.395999998,10.0597153
0.0138499998,0.296000004,9.97751904
0.0138999997,0.296000004,10.0660391
0.0139499996,0.395999998,10.2683716
0.0139999995,0.296000004,10.3758602
0.0140499994,0.296000004,10.4201212
0.0140999993,0.296000004,10.5465794
0.0141499992,0.395999998,10.5845156
0.0142000001,0.296000004,10.5402565
0.01425,0.395999998,10.4390888
0.0142999999,0.296000004,10.4327669
0.0143499998,0.296000004,10.3568916
0.0143999998,0.296000004,10.4137983
0.0144499997,0.395999998,10.4137983
0.0144999996,0.395999998,10.3505688
0.0145499995,0.296000004,10.249403
0.0145999994,0.395999998,10.2683716
0.0146499993,0.395999998,10.3632145
0.0146999992,0.296000004,10.4390888
0.0147500001,0.395999998,10.6034842
0.0148,0.395999998,10.8753691
0.0148499999,0.395999998,10.9575663
0.0148999998,0.296000004,11.1156387
0.0149499997,0.296000004,11.2926788
0.0149999997,0.296000004,11.5139799
0.0150499996,0.296000004,11.5582409
0.0150999995,0.296000004,11.4381056
0.0151499994,0.296000004,11.2610645
0.0151999993,0.395999998,10.9891806
0.0152499992,0.395999998,10.6793585
0.0152999992,0.395999998,10.382184
0.01535,0.395999998,10.1608829
0.0153999999,0.296000004,10.1545591
0.0154499998,0.296000004,10.2746954
0.0154999997,0.296000004,10.5339327
0.0155499997,0.395999998,10.6920052
0.0155999996,0.395999998,10.7236195
0.0156500004,0.395999998,10.6793585
0.0156999994,0.296000004,10.7046509
0.0157500003,0.395999998,10.837431
0.0157999992,0.395999998,11.0271177
0.0158500001,0.395999998,11.0840244
0.0158999991,0.395999998,11.1851892
0.0159499999,0.395999998,11.330617
0.0159999989,0.395999998,11.5329485
0.0160499997,0.395999998,11.7163134
0.0160999987,0.296000004,11.912322
0.0161499996,0.296000004,12.0703945
0.0162000004,0.395999998,12.2158213
0.0162499994,0.296000004,12.1462688
0.0163000003,0.296000004,11.956583
0.0163499992,0.296000004,11.7732191
0.0164000001,0.296000004,11.5139799
0.0164499991,0.395999998,11.2104816
0.0164999999,0.395999998,10.8690462
0.0165499989,0.296000004,10.5276108
0.0165999997,0.296000004,10.2999849
0.0166499987,0.296000004,10.2557268
0.0166999996,0.395999998,10.1798515
0.0167500004,0.296000004,10.0850077
0.0167999994,0.395999998,10.0154552
0.0168500002,0.395999998,10.0786839
0.0168999992,0.296000004,10.116622
0.0169500001,0.395999998,10.249403
0.0169999991,0.395999998,10.5149641
0.0170499999,0.395999998,10.6477442
0.0170999989,0.296000004,10.8753691
0.0171499997,0.395999998,11.1093159
0.0171999987,0.296000004,11.4001684
0.0172499996,0.296000004,11.4823656
0.0173000004,0.296000004,11.5772095
0.0173499994,0.296000004,11.5139799
0.0174000002,0.395999998,11.3432627
0.0174499992,0.395999998,11.0966702
0.0175000001,0.296000004,10.8184633
0.0175499991,0.395999998,10.6350994
0.0175999999,0.296000004,10.5529013
0.0176499989,0.395999998,10.4643812
0.0176999997,0.296000004,10.4959955
0.0177499987,0.395999998,10.4707041
0.0177999996,0.395999998,10.565547
0.0178500004,0.296000004,10.5781937
0.0178999994,0.296000004,10.7046509
0.0179500002,0.395999998,10.9196291
0.0179999992,0.395999998,10.9828577
0.0180500001,0.395999998,10.9449205
0.0180999991,0.395999998,10.9765348
0.0181499999,0.296000004,11.0713787
0.0181999989,0.296000004,11.2294502
0.0182499997,0.395999998,11.4317837
0.0182999987,0.296000004,11.4697208
0.0183499996,0.395999998,11.3811998
0.0184000004,0.395999998,11.3369398
0.0184499994,0.296000004,11.1725454
0.0185000002,0.395999998,11.102993
0.0185499992,0.395999998,11.1219616
0.0186000001,0.296000004,11.0524101
0.0186499991,0.296000004,11.058732
0.0186999999,0.395999998,11.1598997
0.0187499989,0.296000004,11.1346073
0.0187999997,0.296000004,11.0271177
0.0188499987,0.296000004,10.9955034
0.0188999996,0.296000004,10.8943367
0.0189500004,0.296000004,10.7489109
0.0189999994,0.395999998,10.5402565
0.0190500002,0.296000004,10.3189545
0.0190999992,0.296000004,10.0913305
0.0191500001,0.296000004,10.0028105
0.019199999,0.395999998,9.93958187
0.0192499999,0.296000004,9.83841515
0.0192999989,0.296000004,9.74357128
0.0193499997,0.395999998,9.80679989
0.0193999987,0.296000004,9.84473801
0.0194499996,0.296000004,9.86370659
0.0195000004,0.395999998,10.0217791
0.0195499994,0.395999998,10.116622
0.0196000002,0.296000004,10.1292686
0.0196499992,0.296000004,10.2620487
0.0197000001,0.296000004,10.5023184
0.019749999,0.296000004,10.6161299
0.0197999999,0.296000004,10.654068
0.0198499989,0.296000004,10.5718708
0.0198999997,0.395999998,10.4390888
0.0199499987,0.296000004,10.2810173
0.0199999996,0.395999998,10.0660391
0.0200500004,0.395999998,10.0091324
0.0200999994,0.296000004,9.92693615
0.0201500002,0.296000004,9.99648666
0.0201999992,0.296000004,10.205142
0.0202500001,0.395999998,10.3252773
0.020299999,0.296000004,10.3885059
0.0203499999,0.395999998,10.3505688
0.0203999989,0.296000004,10.4201212
0.0204499997,0.296000004,10.4264431
0.0204999987,0.395999998,10.521287
0.0205499995,0.395999998,10.5465794
0.0206000004,0.395999998,10.4770269
0.0206499994,0.296000004,10.4833498
0.0207000002,0.395999998,10.6667137
0.0207499992,0.395999998,10.8943367
0.0208000001,0.296000004,10.9765348
0.020849999,0.296000004,11.1219616
0.0208999999,0.395999998,11.3053255
0.0209499989,0.395999998,11.3369398
0.0209999997,0.395999998,11.2547417
0.0210499987,0.296000004,11.1851892
0.0210999995,0.296000004,11.2041588
0.0211500004,0.296000004,11.2420959
0.0211999994,0.395999998,11.2610645
0.0212500002,0.296000004,11.1282845
0.0212999992,0.395999998,10.925952
0.0213500001,0.395999998,10.831109
0.021399999,0.395999998,10.6856823
0.0214499999,0.395999998,10.6350994
0.0214999989,0.395999998,10.7172966
0.0215499997,0.395999998,10.9006596
0.0215999987,0.296000004,11.147253
0.0216499995,0.395999998,11.4317837
0.0216999985,0.296000004,11.7226362
0.0217499994,0.395999998,11.7858639
0.0218000002,0.296000004,11.8490934
0.0218499992,0.296000004,11.7605734
0.0219000001,0.296000004,11.6783762
0.021949999,0.395999998,11.5203037
0.0219999999,0.296000004,11.2547417
0.0220499989,0.395999998,10.9638882
0.0220999997,0.395999998,10.7678795
0.0221499987,0.395999998,10.5529013
0.0221999995,0.296000004,10.4770269
0.0222499985,0.395999998,10.4327669
0.0222999994,0.395999998,10.6730366
0.0223500002,0.296000004,10.7742023
0.0223999992,0.395999998,10.9449205
0.02245,0.296000004,11.1598997
0.022499999,0.395999998,11.2294502
0.0225499999,0.395999998,11.3432627
0.0225999989,0.296000004,11.3053255
0.0226499997,0.296000004,11.330617
0.0226999987,0.296000004,11.330617
0.0227499995,0.296000004,11.2357731
0.0227999985,0.395999998,11.1788673
0.0228499994,0.395999998,10.9449205
0.0229000002,0.296000004,10.7236195
0.0229499992,0.296000004,10.5718708
0.023,0.395999998,10.5339327
0.023049999,0.395999998,10.4707041
0.0230999999,0.296000004,10.3442459
0.0231499989,0.395999998,10.4580574
0.0231999997,0.395999998,10.5402565
0.0232499987,0.296000004,10.5971613
0.0232999995,0.395999998,10.7678795
0.0233499985,0.296000004,11.0018263
0.0233999994,0.395999998,11.0840244
0.0234500002,0.296000004,11.1978359
0.0234999992,0.296000004,11.1915131
0.02355,0.296000004,11.2231274
0.023599999,0.296000004,11.1535759
0.0236499999,0.296000004,11.0018263
0.0236999989,0.395999998,10.7552338
0.0237499997,0.395999998,10.5592251
0.0237999987,0.395999998,10.2810173
0.0238499995,0.296000004,10.1292686
0.0238999985,0.395999998,10.1545591
0.0239499994,0.296000004,10.3189545
0.0240000002,0.296000004,10.4011526
0.0240499992,0.395999998,10.6224527
0.0241,0.395999998,10.698328
0.024149999,0.395999998,10.6920052
0.0241999999,0.395999998,10.7742023
0.0242499989,0.296000004,10.925952
0.0242999997,0.395999998,11.0903473
0.0243499987,0.296000004,11.3622313
0.0243999995,0.296000004,11.4381056
0.0244499985,0.395999998,11.5076571
0.0244999994,0.395999998,11.4507523
0.0245500002,0.296000004,11.2926788
0.0245999992,0.395999998,11.1915131
0.02465,0.296000004,11.1535759
0.024699999,0.395999998,11.0524101
0.0247499999,0.296000004,11.0334415
0.0247999988,0.296000004,10.9133053
0.0248499997,0.395999998,10.9133053
0.0248999987,0.296000004,10.8500776
0.0249499995,0.296000004,10.6920052
0.0249999985,0.395999998,10.7046509
0.0250499994,0.395999998,10.609807
0.0251000002,0.395999998,10.4896727
0.0251499992,0.296000004,10.4517355
0.0252,0.296000004,10.5149641
0.025249999,0.296000004,10.7868481
0.0252999999,0.296000004,10.881691
0.0253499988,0.296000004,10.8753691
0.0253999997,0.395999998,10.7742023
0.0254499987,0.395999998,10.609807
0.0254999995,0.395999998,10.4137983
0.0255499985,0.395999998,10.3442459
0.0255999994,0.395999998,10.4074745
0.0256500002,0.296000004,10.5276108
0.0256999992,0.296000004,10.7868481
0.02575,0.395999998,11.1156387
0.025799999,0.395999998,11.2610645
0.0258499999,0.395999998,11.2484188
0.0258999988,0.296000004,11.2863569
0.0259499997,0.296000004,11.3559084
0.0259999987,0.395999998,11.463398
0.0260499995,0.395999998,11.4381056
0.0260999985,0.296000004,11.2863569
0.0261499994,0.395999998,11.2041588
0.0262000002,0.395999998,11.2104816
0.0262499992,0.395999998,11.1156387
0.0263,0.395999998,11.0903473
0.026349999,0.296000004,11.1598997
0.0263999999,0.395999998,11.2990026
0.0264499988,0.296000004,11.5076571
0.0264999997,0.296000004,11.4950113
0.0265499987,0.296000004,11.5772095
0.0265999995,0.395999998,11.4950113
0.0266499985,0.296000004,11.3242941
0.0266999993,0.395999998,11.102993
0.0267500002,0.296000004,10.925952
0.0267999992,0.395999998,10.7236195
0.02685,0.296000004,10.654068
0.026899999,0.395999998,10.5339327
0.0269499999,0.395999998,10.5465794
0.0269999988,0.296000004,10.4896727
0.0270499997,0.395999998,10.565547
0.0270999987,0.395999998,10.654068
0.0271499995,0.395999998,10.8184633
0.0271999985,0.395999998,10.9955034
0.0272499993,0.395999998,11.1535759
0.0273000002,0.296000004,11.4064913
0.0273499992,0.296000004,11.6404381
0.0274,0.296000004,11.8743849
0.027449999,0.296000004,11.8870316
0.0274999999,0.395999998,11.7605734
0.0275499988,0.296000004,11.5203037
0.0275999997,0.296000004,11.2104816
0.0276499987,0.395999998,10.9955034
0.0276999995,0.395999998,10.7362652
0.0277499985,0.395999998,10.4454126
0.0277999993,0.296000004,10.3126307
0.0278500002,0.395999998,10.2999849
0.0278999992,0.296000004,10.4517355
0.02795,0.296000004,10.4770269
0.027999999,0.296000004,10.7109728
0.0280499998,0.395999998,10.7868481
0.0280999988,0.395999998,10.7678795
0.0281499997,0.395999998,10.5908384
0.0281999987,0.296000004,10.6414213
0.0282499995,0.395999998,10.7172966
0.0282999985,0.296000004,10.9133053
0.0283499993,0.395999998,10.9575663
0.0284000002,0.395999998,11.0777016
0.0284499992,0.395999998,11.058732
0.0285,0.395999998,11.1282845
0.028549999,0.395999998,11.2420959
0.0285999998,0.296000004,11.4064913
0.0286499988,0.395999998,11.5645628
0.0286999997,0.395999998,11.7921877
0.0287499987,0.296000004,11.7858639
0.0287999995,0.395999998,11.7226362
0.0288499985,0.296000004,11.8427706
0.0288999993,0.296000004,11.7289591
0.0289500002,0.395999998,11.6594067
0.0289999992,0.296000004,11.4950113
0.02905,0.296000004,11.2420959
0.029099999,0.296000004,11.0903473
0.0291499998,0.296000004,10.8880148
0.0291999988,0.395999998,10.6603899
0.0292499997,0.296000004,10.4137983
0.0292999987,0.296000004,10.1545591
0.0293499995,0.296000004,10.0470695
0.0293999985,0.296000004,9.95855045
0.0294499993,0.395999998,9.85738373
0.0295000002,0.296000004,9.7815094
0.0295499992,0.395999998,9.68034267
0.0296,0.296000004,9.76253986
0.029649999,0.296000004,9.80679989
0.0296999998,0.395999998,10.0028105
0.0297499988,0.296000004,10.1545591
0.0297999997,0.395999998,10.1735277
0.0298499987,0.296000004,10.3189545
0.0298999995,0.395999998,10.4137983
0.0299499985,0.395999998,10.5529013
0.0299999993,0.296000004,10.6034842
0.0300499983,0.296000004,10.7109728
0.0300999992,0.296000004,10.9006596
0.03015,0.395999998,10.9638882
0.030199999,0.395999998,10.9196291
0.0302499998,0.395999998,10.7805262
0.0302999988,0.296000004,10.7236195
0.0303499997,0.296000004,10.7615576
0.0303999986,0.395999998,10.9133053
0.0304499995,0.395999998,10.9322739
0.0304999985,0.395999998,10.8247862
0.0305499993,0.395999998,10.8690462
0.0305999983,0.395999998,10.9638882
0.0306499992,0.395999998,11.1282845
0.0307,0.395999998,11.3495855
0.030749999,0.296000004,11.5645628
0.0307999998,0.395999998,11.823802
0.0308499988,0.395999998,12.0261354
0.0308999997,0.296000004,12.0324574
0.0309499986,0.296000004,11.9945211
0.0309999995,0.296000004,11.9881973
0.0310499985,0.296000004,11.8490934
0.0310999993,0.395999998,11.6025009
0.0311499983,0.296000004,11.3179712
0.0311999992,0.296000004,10.9891806
0.03125,0.296000004,10.7236195
0.0313000008,0.395999998,10.4833498
0.031349998,0.395999998,10.2241116
0.0313999988,0.296000004,9.9838419
0.0314499997,0.395999998,9.91428947
0.0315000005,0.296000004,9.9838419
0.0315499976,0.296000004,10.0597153
0.0315999985,0.395999998,10.2746954
0.0316499993,0.395999998,10.2999849
0.0317000002,0.395999998,10.4201212
0.031750001,0.296000004,10.5529013
0.0317999981,0.296000004,10.7552338
0.031849999,0.395999998,11.0207949
0.0318999998,0.296000004,11.1346073
0.0319500007,0.296000004,11.1093159
0.0319999978,0.395999998,11.1282845
0.0320499986,0.395999998,11.0334415
0.0320999995,0.395999998,10.8690462
0.0321500003,0.395999998,10.7868481
0.0321999975,0.296000004,10.8058167
0.0322499983,0.296000004,10.9196291
0.0322999991,0.296000004,11.1093159
0.03235,0.296000004,11.1725454
0.0324000008,0.395999998,11.1156387
0.032449998,0.395999998,10.9765348
0.0324999988,0.296000004,10.7678795
0.0325499997,0.395999998,10.6667137
0.0326000005,0.395999998,10.6667137
0.0326499976,0.395999998,10.6161299
0.0326999985,0.296000004,10.6730366
0.0327499993,0.395999998,10.7489109
0.0328000002,0.395999998,11.0650558
0.032850001,0.296000004,11.1409311
0.0328999981,0.296000004,11.2737103
0.032949999,0.296000004,11.4381056
0.0329999998,0.395999998,11.4507523
0.0330500007,0.395999998,11.330617
0.0330999978,0.296000004,11.1282845
0.0331499986,0.296000004,11.014473
0.0331999995,0.296000004,10.9575663
0.0332500003,0.395999998,10.8437548
0.0332999974,0.395999998,10.698328
0.0333499983,0.395999998,10.521287
0.0333999991,0.395999998,10.4327669
0.03345,0.296000004,10.4770269
0.0335000008,0.395999998,10.6667137
0.033549998,0.395999998,10.9322739
0.0335999988,0.395999998,11.0524101
0.0336499996,0.395999998,11.2104816
0.0337000005,0.395999998,11.419137
0.0337499976,0.296000004,11.6341152
0.0337999985,0.395999998,11.8301249
0.0338499993,0.296000004,12.0261354
0.0339000002,0.296000004,11.9881973
0.033950001,0.395999998,11.9692287
0.0339999981,0.296000004,11.8111563
0.034049999,0.296000004,11.5708866
0.0340999998,0.395999998,11.3495855
0.0341500007,0.296000004,11.1093159
0.0341999978,0.395999998,10.831109
0.0342499986,0.296000004,10.6224527
0.0342999995,0.296000004,10.4643812
0.0343500003,0.296000004,10.4201212
0.0343999974,0.296000004,10.337923
0.0344499983,0.296000004,10.2241116
0.0344999991,0.296000004,10.1292686
0.03455,0.395999998,9.9901638
0.0346000008,0.395999998,9.82576847
0.0346499979,0.296000004,9.66137409
0.0346999988,0.395999998,9.7498951
0.0347499996,0.296000004,9.93325806
0.0348000005,0.296000004,10.0470695
0.0348499976,0.296000004,10.293663
0.0348999985,0.395999998,10.4327669
0.0349499993,0.395999998,10.4707041
0.0350000001,0.296000004,10.4454126
0.0350499973,0.296000004,10.4833498
0.0350999981,0.395999998,10.6224527
0.035149999,0.296000004,10.654068
0.0351999998,0.395999998,10.6224527
0.0352500007,0.395999998,10.6350994
0.0352999978,0.395999998,10.609807
0.0353499986,0.296000004,10.654068
0.0353999995,0.395999998,10.8121405
0.0354500003,0.296000004,11.0207949
0.0354999974,0.296000004,11.102993
0.0355499983,0.395999998,11.2168045
0.0355999991,0.296000004,11.2294502
0.03565,0.395999998,11.0840244
0.0357000008,0.395999998,11.0397635
0.0357499979,0.296000004,10.9006596
0.0357999988,0.395999998,10.8627234
0.0358499996,0.296000004,10.9133053
0.0359000005,0.296000004,10.8753691
0.0359499976,0.296000004,10.9322739
0.0359999985,0.395999998,10.9069834
0.0360499993,0.296000004,10.7868481
0.0361000001,0.296000004,10.6034842
0.0361499973,0.296000004,10.5339327
0.0361999981,0.395999998,10.4643812
0.036249999,0.296000004,10.3252773
0.0362999998,0.395999998,10.1861734
0.0363500006,0.395999998,10.1355906
0.0363999978,0.296000004,10.0850077
0.0364499986,0.296000004,10.1798515
0.0364999995,0.395999998,10.3948288
0.0365500003,0.395999998,10.5023184
0.0365999974,0.296000004,10.5465794
0.0366499983,0.395999998,10.6414213
0.0366999991,0.296000004,10.837431
0.03675,0.296000004,10.9069834
0.0368000008,0.395999998,11.0271177
0.0368499979,0.296000004,11.0081491
0.0368999988,0.395999998,10.9196291
0.0369499996,0.296000004,10.881691
0.0370000005,0.296000004,10.7489109
0.0370499976,0.395999998,10.7678795
0.0370999984,0.296000004,10.6920052
0.0371499993,0.296000004,10.5339327
0.0372000001,0.296000004,10.521287
0.0372499973,0.395999998,10.4643812
0.0372999981,0.395999998,10.3315992
0.037349999,0.296000004,10.2683716
0.0373999998,0.296000004,10.2683716
0.0374500006,0.296000004,10.3252773
0.0374999978,0.296000004,10.3758602
0.0375499986,0.395999998,10.3632145
0.0375999995,0.395999998,10.3126307
0.0376500003,0.395999998,10.205142
0.0376999974,0.296000004,10.2177887
0.0377499983,0.395999998,10.3442459
0.0377999991,0.395999998,10.5845156
0.03785,0.296000004,10.7172966
0.0379000008,0.395999998,10.9006596
0.0379499979,0.395999998,11.147253
0.0379999988,0.395999998,11.2168045
0.0380499996,0.395999998,11.3242941
0.0381000005,0.296000004,11.4064913
0.0381499976,0.296000004,11.5772095
0.0381999984,0.296000004,11.7668962
0.0382499993,0.296000004,11.7542505
0.0383000001,0.296000004,11.6025009
0.0383499973,0.395999998,11.374877
0.0383999981,0.296000004,11.058732
0.0384499989,0.395999998,10.7489109
0.0384999998,0.395999998,10.5276108
0.0385500006,0.395999998,10.2810173
0.0385999978,0.296000004,10.2177887
0.0386499986,0.296000004,10.2683716
0.0386999995,0.395999998,10.4517355
0.0387500003,0.296000004,10.565547
0.0387999974,0.395999998,10.6224527
0.0388499983,0.296000004,10.7299423
0.0388999991,0.395999998,10.7615576
0.03895,0.395999998,10.8437548
0.0390000008,0.395999998,10.831109
0.0390499979,0.296000004,10.8880148
0.0390999988,0.296000004,11.0334415
0.0391499996,0.395999998,11.2294502
0.0392000005,0.395999998,11.2737103
0.0392499976,0.395999998,11.1978359
0.0392999984,0.296000004,11.1725454
0.0393499993,0.395999998,11.2104816
0.0394000001,0.395999998,11.3053255
0.0394499972,0.395999998,11.2990026
0.0394999981,0.296000004,11.330617
0.0395499989,0.395999998,11.419137
0.0395999998,0.395999998,11.5455942
0.0396500006,0.395999998,11.5139799
0.0396999978,0.296000004,11.5392723
0.0397499986,0.296000004,11.5961781
0.0397999994,0.395999998,11.7099905
0.0398500003,0.395999998,11.6467619
0.0398999974,0.296000004,11.4823656
0.0399499983,0.296000004,11.374877
0.0399999991,0.395999998,11.3432627
0.04005,0.395999998,11.2294502
0.0401000008,0.395999998,11.0334415
0.0401499979,0.296000004,10.9322739
0.0401999988,0.395999998,10.9385977
0.0402499996,0.296000004,11.0397635
0.0403000005,0.395999998,11.0460873
0.0403499976,0.296000004,11.1346073
0.0403999984,0.395999998,11.102993
0.0404499993,0.395999998,11.1409311
0.0405000001,0.395999998,11.0777016
0.0405499972,0.296000004,11.0903473
0.0405999981,0.395999998,11.1851892
0.0406499989,0.395999998,11.3369398
0.0406999998,0.395999998,11.3369398
0.0407500006,0.395999998,11.3938465
0.0407999977,0.296000004,11.5013342
0.0408499986,0.395999998,11.6404381
0.0408999994,0.395999998,11.7921877
0.0409500003,0.296000004,11.7732191
0.0409999974,0.296000004,11.8048334
0.0410499983,0.395999998,11.7858639
0.0410999991,0.296000004,11.6846991
0.0411499999,0.395999998,11.3622313
0.0412000008,0.296000004,11.330617
0.0412499979,0.296000004,11.1156387
0.0412999988,0.296000004,11.0081491
0.0413499996,0.395999998,10.837431
0.0414000005,0.296000004,10.6414213
0.0414499976,0.296000004,10.4390888
0.0414999984,0.395999998,10.3505688
0.0415499993,0.395999998,10.2304344
0.0416000001,0.296000004,10.1039762
0.0416499972,0.395999998,10.1482372
0.0416999981,0.395999998,10.3063087
0.0417499989,0.296000004,10.4011526
0.0417999998,0.296000004,10.5908384
0.0418500006,0.296000004,10.8500776
0.0418999977,0.395999998,10.9765348
0.0419499986,0.296000004,10.9765348
0.0419999994,0.296000004,10.8627234
0.0420500003,0.296000004,10.8437548
0.0420999974,0.296000004,10.7299423
0.0421499982,0.395999998,10.5592251
0.0421999991,0.395999998,10.3758602
0.0422499999,0.395999998,10.1735277
0.0423000008,0.296000004,10.0913305
0.0423499979,0.296000004,10.1482372
0.0423999988,0.395999998,10.3505688
0.0424499996,0.296000004,10.4770269
0.0425000004,0.395999998,10.5023184
0.0425499976,0.395999998,10.6287756
0.0425999984,0.395999998,10.654068
0.0426499993,0.395999998,10.7615576
0.0427000001,0.395999998,10.9512434
0.0427499972,0.296000004,11.1662216
0.0427999981,0.296000004,11.4317837
0.0428499989,0.395999998,11.6657305
0.0428999998,0.296000004,11.7226362
0.0429500006,0.395999998,11.6214695
0.0429999977,0.296000004,11.5455942
0.0430499986,0.296000004,11.3559084
0.0430999994,0.395999998,11.2484188
0.0431500003,0.395999998,11.058732
0.0431999974,0.296000004,10.8184633
0.0432499982,0.296000004,10.6920052
0.0432999991,0.395999998,10.698328
0.0433499999,0.395999998,10.6414213
0.0433999971,0.296000004,10.5339327
0.0434499979,0.296000004,10.5276108
0.0434999987,0.395999998,10.6730366
0.0435499996,0.296000004,10.7046509
0.0436000004,0.395999998,10.6793585
0.0436499976,0.296000004,10.7299423
0.0436999984,0.395999998,10.6920052
0.0437499993,0.296000004,10.7489109
0.0438000001,0.395999998,10.7172966
0.0438499972,0.296000004,10.7805262
0.0438999981,0.296000004,10.742588
0.0439499989,0.395999998,10.8184633
0.0439999998,0.395999998,10.7805262
0.0440500006,0.395999998,10.6856823
0.0440999977,0.395999998,10.6793585
0.0441499986,0.395999998,10.7678795
0.0441999994,0.395999998,10.9449205
0.0442500003,0.296000004,11.1915131
0.0442999974,0.296000004,11.463398
0.0443499982,0.395999998,11.7163134
0.0443999991,0.395999998,11.7858639
0.0444499999,0.296000004,11.6277924
0.044499997,0.296000004,11.5961781
0.0445499979,0.296000004,11.5772095
0.0445999987,0.395999998,11.4254608
0.0446499996,0.395999998,11.1915131
0.0447000004,0.296000004,10.9196291
0.0447499976,0.395999998,10.7552338
0.0447999984,0.296000004,10.7236195
0.0448499992,0.395999998,10.609807
0.0449000001,0.395999998,10.654068
0.0449499972,0.395999998,10.6224527
0.0449999981,0.395999998,10.7046509
0.0450499989,0.296000004,10.8753691
0.0450999998,0.296000004,11.102993
0.0451500006,0.395999998,11.3875227
0.0451999977,0.395999998,11.4950113
0.0452499986,0.296000004,11.5076571
0.0452999994,0.395999998,11.4001684
0.0453500003,0.296000004,11.4254608
0.0453999974,0.395999998,11.330617
0.0454499982,0.395999998,11.2926788
0.0454999991,0.296000004,11.1598997
0.0455499999,0.395999998,11.1093159
0.045599997,0.296000004,11.1662216
0.0456499979,0.296000004,11.0966702
0.0456999987,0.395999998,11.1282845
0.0457499996,0.395999998,11.0460873
0.0458000004,0.296000004,10.9006596
0.0458499976,0.296000004,10.837431
0.0458999984,0.296000004,10.9006596
0.0459499992,0.395999998,10.8627234
0.0460000001,0.296000004,10.7552338
0.0460499972,0.296000004,10.5781937
0.0460999981,0.395999998,10.5465794
0.0461499989,0.296000004,10.4390888
0.0461999997,0.395999998,10.3252773
0.0462500006,0.395999998,10.3442459
0.0462999977,0.395999998,10.293663
0.0463499986,0.296000004,10.382184
0.0463999994,0.296000004,10.5718708
0.0464500003,0.296000004,10.8184633
0.0464999974,0.296000004,10.9828577
0.0465499982,0.395999998,10.9955034
0.0465999991,0.296000004,10.8880148
0.0466499999,0.395999998,10.7236195
0.046699997,0.395999998,10.6414213
0.0467499979,0.395999998,10.521287
0.0467999987,0.395999998,10.4959955
0.0468499996,0.296000004,10.5781937
0.0469000004,0.395999998,10.7805262
0.0469499975,0.296000004,11.058732
0.0469999984,0.395999998,11.1788673
0.0470499992,0.296000004,11.3179712
0.0471000001,0.395999998,11.3179712
0.0471499972,0.296000004,11.3559084
0.0471999981,0.395999998,11.2737103
0.0472499989,0.296000004,11.2484188
0.0472999997,0.395999998,11.1156387
0.0473500006,0.395999998,11.0777016
0.0473999977,0.395999998,10.9638882
0.0474499986,0.395999998,10.9196291
0.0474999994,0.395999998,11.0081491
0.0475500003,0.395999998,11.1346073
0.0475999974,0.395999998,11.3495855
0.0476499982,0.395999998,11.5898552
0.0476999991,0.296000004,11.8364477
0.0477499999,0.395999998,12.045104
0.047799997,0.296000004,12.228467
0.0478499979,0.296000004,12.1905298
0.0478999987,0.296000004,12.1209784
0.0479499996,0.296000004,11.956583
0.0480000004,0.296000004,11.6720524
0.0480499975,0.395999998,11.330617
0.0480999984,0.296000004,10.9638882
0.0481499992,0.395999998,10.5908384
0.0482000001,0.296000004,10.337923
0.0482499972,0.395999998,10.1039762
0.048299998,0.296000004,10.028101
0.0483499989,0.296000004,9.93325806
0.0483999997,0.395999998,10.028101
0.0484500006,0.296000004,10.0723619
0.0484999977,0.395999998,10.1102991
0.0485499986,0.395999998,10.2430801
0.0485999994,0.395999998,10.3126307
0.0486500002,0.395999998,10.4959955
0.0486999974,0.296000004,10.742588
0.0487499982,0.296000004,11.0524101
0.0487999991,0.296000004,11.3622313
0.0488499999,0.395999998,11.4760427
0.048899997,0.296000004,11.419137
0.0489499979,0.395999998,11.2800331
0.0489999987,0.296000004,11.1662216
0.0490499996,0.395999998,10.9638882
0.0491000004,0.395999998,10.8880148
0.0491499975,0.395999998,10.7236195
0.0491999984,0.395999998,10.6793585
0.0492499992,0.296000004,10.7678795
0.0493000001,0.395999998,10.9069834
0.0493499972,0.395999998,11.1409311
0.049399998,0.395999998,11.2231274
0.0494499989,0.296000004,11.3685541
0.0494999997,0.395999998,11.5392723
0.0495500006,0.296000004,11.6973448
0.0495999977,0.395999998,11.7036676
0.0496499985,0.296000004,11.7163134
0.0496999994,0.296000004,11.5898552
0.0497500002,0.395999998,11.5203037
0.0497999974,0.395999998,11.3559084
0.0498499982,0.296000004,11.1346073
0.0498999991,0.395999998,10.970212
0.0499499999,0.395999998,10.9196291
0.049999997,0.395999998,10.8184633
0.0500499979,0.296000004,10.831109
0.0500999987,0.296000004,10.9512434
0.0501499996,0.395999998,11.1409311
0.0502000004,0.296000004,11.1915131
0.0502499975,0.296000004,11.1535759
0.0502999984,0.296000004,11.1535759
0.0503499992,0.395999998,11.0524101
0.0504000001,0.395999998,10.8943367
0.0504499972,0.395999998,10.6856823
0.050499998,0.296000004,10.6161299
0.0505499989,0.296000004,10.5971613
0.0505999997,0.296000004,10.7299423
0.0506500006,0.395999998,10.7994947
0.0506999977,0.395999998,10.7299423
0.0507499985,0.395999998,10.6224527
0.0507999994,0.395999998,10.6161299
0.0508500002,0.395999998,10.7299423
0.0508999974,0.395999998,10.9196291
0.0509499982,0.395999998,11.1535759
0.050999999,0.395999998,11.4381056
0.0510499999,0.395999998,11.7163134
0.051099997,0.395999998,12.0198116
0.0511499979,0.296000004,12.1778831
0.0511999987,0.296000004,12.3296337
0.0512499996,0.296000004,12.4181528
0.0513000004,0.296000004,12.316988
0.0513499975,0.296000004,12.0893631
0.0513999984,0.296000004,11.7732191
0.0514499992,0.296000004,11.374877
0.0515000001,0.395999998,10.970212
0.0515499972,0.395999998,10.5465794
0.051599998,0.395999998,10.1672049
0.0516499989,0.296000004,9.92693615
0.0516999997,0.296000004,9.84473801
0.0517499968,0.296000004,9.95855045
0.0517999977,0.296000004,10.0344248
0.0518499985,0.395999998,10.0786839
0.0518999994,0.395999998,10.1355906
0.0519500002,0.395999998,10.0660391
0.0519999973,0.395999998,10.1482372
0.0520499982,0.395999998,10.3632145
0.052099999,0.395999998,10.6793585
0.0521499999,0.296000004,11.014473
0.052199997,0.395999998,11.3875227
0.0522499979,0.395999998,11.7163134
0.0522999987,0.395999998,11.8048334
0.0523499995,0.296000004,11.8617392
0.0524000004,0.296000004,11.9439363
0.0524499975,0.296000004,12.000843
0.0524999984,0.395999998,11.8933535
0.0525499992,0.296000004,11.6341152
0.0526000001,0.296000004,11.374877
0.0526499972,0.395999998,11.1535759
0.052699998,0.395999998,10.9006596
0.0527499989,0.395999998,10.6414213
0.0527999997,0.395999998,10.4833498
0.0528499968,0.395999998,10.4643812
0.0528999977,0.296000004,10.5718708
0.0529499985,0.296000004,10.8184633
0.0529999994,0.296000004,11.1282845
0.0530500002,0.395999998,11.2737103
0.0530999973,0.395999998,11.2610645
0.0531499982,0.296000004,11.1409311
0.053199999,0.296000004,11.0840244
0.0532499999,0.395999998,11.1093159
0.053299997,0.395999998,11.0081491
0.0533499978,0.395999998,10.8627234
0.0533999987,0.395999998,10.7994947
0.0534499995,0.395999998,10.8690462
0.0535000004,0.296000004,10.9955034
0.0535499975,0.395999998,11.1978359
0.0535999984,0.296000004,11.4570751
0.0536499992,0.395999998,11.5266256
0.0537,0.395999998,11.6151476
0.0537499972,0.296000004,11.551918
0.053799998,0.296000004,11.5329485
0.0538499989,0.395999998,11.551918
0.0538999997,0.296000004,11.463398
0.0539499968,0.395999998,11.2673883
0.0539999977,0.395999998,11.147253
0.0540499985,0.296000004,10.970212
0.0540999994,0.296000004,10.8943367
0.0541500002,0.395999998,10.925952
0.0541999973,0.296000004,10.8058167
0.0542499982,0.296000004,10.6730366
0.054299999,0.395999998,10.7489109
0.0543499999,0.296000004,10.698328
0.054399997,0.296000004,10.521287
0.0544499978,0.395999998,10.5529013
0.0544999987,0.296000004,10.4959955
0.0545499995,0.296000004,10.3442459
0.0546000004,0.296000004,10.3948288
0.0546499975,0.296000004,10.3568916
0.0546999983,0.296000004,10.2746954
0.0547499992,0.296000004,10.1672049
0.0548,0.296000004,10.0217791
0.0548499972,0.296000004,9.87635326
0.054899998,0.296000004,9.76253986
0.0549499989,0.395999998,9.61079121
0.0549999997,0.296000004,9.47801018
0.0550499968,0.296000004,9.37684441
0.0550999977,0.296000004,9.42742634
0.0551499985,0.296000004,9.48433304
0.0551999994,0.296000004,9.54123878
0.0552500002,0.296000004,9.56653118
0.0552999973,0.395999998,9.58549976
0.0553499982,0.296000004,9.54123878
0.055399999,0.296000004,9.51594734
0.0554499999,0.395999998,9.62975979
0.055499997,0.296000004,9.7246027
0.0555499978,0.296000004,9.76886272
0.0555999987,0.296000004,9.93958187
0.0556499995,0.395999998,9.99648666
0.0557000004,0.296000004,10.0723619
0.0557499975,0.296000004,10.0407467
0.0557999983,0.296000004,10.1545591
0.0558499992,0.296000004,10.1672049
0.0559,0.296000004,10.1355906
0.0559499972,0.395999998,10.0470695
0.055999998,0.395999998,9.93958187
0.0560499988,0.296000004,9.83209229
0.0560999997,0.296000004,9.83841515
0.0561499968,0.395999998,9.9838419
0.0561999977,0.296000004,10.1102991
0.0562499985,0.296000004,10.1292686
0.0562999994,0.395999998,10.2683716
0.0563500002,0.395999998,10.3758602
0.0563999973,0.296000004,10.3315992
0.0564499982,0.395999998,10.4201212
0.056499999,0.296000004,10.6161299
0.0565499999,0.296000004,10.6793585
0.056599997,0.296000004,10.8184633
0.0566499978,0.296000004,10.8500776
0.0566999987,0.395999998,10.7615576
0.0567499995,0.296000004,10.6414213
0.0568000004,0.296000004,10.382184
0.0568499975,0.395999998,10.3885059
0.0568999983,0.296000004,10.2746954
0.0569499992,0.395999998,10.1229448
0.057,0.296000004,10.1355906
0.0570499972,0.395999998,10.0976534
0.057099998,0.296000004,10.1988201
0.0571499988,0.296000004,10.2304344
0.0571999997,0.296000004,10.4264431
0.0572499968,0.296000004,10.5023184
0.0572999977,0.395999998,10.4707041
0.0573499985,0.395999998,10.4074745
0.0573999994,0.395999998,10.2810173
0.0574500002,0.395999998,10.2620487
0.0574999973,0.296000004,10.3885059
0.0575499982,0.395999998,10.5971613
0.057599999,0.296000004,10.8753691
0.0576499999,0.395999998,11.014473
0.057699997,0.395999998,11.1978359
0.0577499978,0.395999998,11.2104816
0.0577999987,0.296000004,11.2800331
0.0578499995,0.395999998,11.3622313
0.0579000004,0.296000004,11.5139799
0.0579499975,0.395999998,11.4697208
0.0579999983,0.395999998,11.5076571
0.0580499992,0.296000004,11.4001684
0.0581,0.395999998,11.3432627
0.0581499971,0.395999998,11.3685541
0.058199998,0.296000004,11.2800331
0.0582499988,0.395999998,11.2484188
0.0582999997,0.395999998,11.3053255
0.0583499968,0.296000004,11.2547417
0.0583999977,0.296000004,11.2800331
0.0584499985,0.296000004,11.3369398
0.0584999993,0.296000004,11.2990026
0.0585500002,0.296000004,11.1662216
0.0585999973,0.296000004,10.970212
0.0586499982,0.296000004,10.7236195
0.058699999,0.296000004,10.4580574
0.0587499999,0.395999998,10.1924973
0.058799997,0.395999998,9.93325806
0.0588499978,0.296000004,9.68666553
0.0588999987,0.296000004,9.62975979
0.0589499995,0.296000004,9.7246027
0.0590000004,0.296000004,9.81944656
0.0590499975,0.296000004,9.87635326
0.0590999983,0.395999998,9.89532185
0.0591499992,0.395999998,9.88899803
0.0592,0.296000004,9.80679989
0.0592499971,0.395999998,9.92693615
0.059299998,0.395999998,10.1482372
0.0593499988,0.296000004,10.293663
0.0593999997,0.296000004,10.5023184
0.0594499968,0.395999998,10.7994947
0.0594999976,0.395999998,10.9385977
0.0595499985,0.296000004,10.9322739
0.0595999993,0.296000004,10.970212
0.0596500002,0.296000004,11.102993
0.0596999973,0.296000004,11.0713787
0.0597499982,0.395999998,10.9638882
0.059799999,0.296000004,10.7994947
0.0598499998,0.395999998,10.5718708
0.059899997,0.296000004,10.4454126
0.0599499978,0.395999998,10.2999849
0.0599999987,0.395999998,10.2999849
0.0600499995,0.296000004,10.2557268
0.0600999966,0.395999998,10.337923
0.0601499975,0.296000004,10.5339327
0.0601999983,0.395999998,10.6350994
0.0602499992,0.395999998,10.8247862
0.0603,0.395999998,10.881691
0.0603499971,0.296000004,11.014473
0.060399998,0.296000004,11.1598997
0.0604499988,0.296000004,11.374877
0.0604999997,0.395999998,11.419137
0.0605499968,0.395999998,11.3242941
0.0605999976,0.296000004,11.147253
0.0606499985,0.395999998,11.0271177
0.0606999993,0.395999998,11.0081491
0.0607500002,0.395999998,10.9006596
0.0607999973,0.395999998,10.8880148
0.0608499981,0.395999998,10.9765348
0.060899999,0.395999998,11.0713787
0.0609499998,0.296000004,11.3559084
0.060999997,0.296000004,11.6025009
0.0610499978,0.296000004,11.8490934
0.0610999987,0.395999998,11.8933535
0.0611499995,0.296000004,11.7668962
0.0611999966,0.296000004,11.5266256
0.0612499975,0.296000004,11.3559084
0.0612999983,0.395999998,11.1093159
0.0613499992,0.395999998,10.8500776
0.0614,0.395999998,10.5465794
0.0614499971,0.395999998,10.3695374
0.061499998,0.296000004,10.3315992
0.0615499988,0.296000004,10.4390888
0.0615999997,0.395999998,10.698328
0.0616499968,0.395999998,10.831109
0.0616999976,0.395999998,10.837431
0.0617499985,0.395999998,10.9449205
0.0617999993,0.296000004,11.0840244
0.0618500002,0.395999998,11.2863569
0.0618999973,0.395999998,11.5139799
0.0619499981,0.296000004,11.5582409
0.061999999,0.395999998,11.6341152
0.0620499998,0.395999998,11.7289591
0.062099997,0.296000004,11.6467619
0.0621499978,0.395999998,11.6088238
0.0621999986,0.296000004,11.6025009
0.0622499995,0.296000004,11.4128151
0.0622999966,0.296000004,11.4507523
0.0623499975,0.296000004,11.3053255
0.0623999983,0.296000004,11.0903473
0.0624499992,0.296000004,10.8500776
0.0625,0.296000004,10.5781937
0.0625500008,0.395999998,10.293663
0.0626000017,0.296000004,10.0028105
0.0626499951,0.395999998,9.76253986
0.0626999959,0.296000004,9.68034267
0.0627499968,0.296000004,9.59814548
0.0627999976,0.296000004,9.6993103
0.0628499985,0.296000004,9.80047798
0.0628999993,0.395999998,9.86370659
0.0629500002,0.296000004,9.88899803
0.063000001,0.395999998,9.87002945
0.0630500019,0.395999998,9.97751904
0.0630999953,0.296000004,10.0407467
0.0631499961,0.395999998,10.2177887
0.0631999969,0.296000004,10.4833498
0.0632499978,0.395999998,10.6287756
0.0632999986,0.296000004,10.831109
0.0633499995,0.395999998,10.8943367
0.0634000003,0.296000004,11.0081491
0.0634500012,0.296000004,11.0081491
0.063500002,0.296000004,11.0524101
0.0635499954,0.395999998,10.9891806
0.0635999963,0.395999998,10.8564005
0.0636499971,0.395999998,10.6667137
0.063699998,0.395999998,10.5845156
0.0637499988,0.395999998,10.5971613
0.0637999997,0.296000004,10.7236195
0.0638500005,0.395999998,10.9575663
0.0639000013,0.395999998,11.2104816
0.0639499947,0.395999998,11.3369398
0.0639999956,0.395999998,11.463398
0.0640499964,0.296000004,11.6025009
0.0640999973,0.296000004,11.7858639
0.0641499981,0.395999998,11.9249678
0.064199999,0.296000004,11.9692287
0.0642499998,0.296000004,11.7289591
0.0643000007,0.395999998,11.6088238
0.0643500015,0.296000004,11.374877
0.0643999949,0.395999998,11.1093159
0.0644499958,0.395999998,10.9385977
0.0644999966,0.296000004,10.7362652
0.0645499974,0.296000004,10.6224527
0.0645999983,0.296000004,10.654068
0.0646499991,0.296000004,10.6477442
0.0647,0.296000004,10.5592251
0.0647500008,0.395999998,10.4390888
0.0648000017,0.296000004,10.2999849
0.0648499951,0.296000004,10.1229448
0.0648999959,0.395999998,10.1988201
0.0649499968,0.395999998,9.99648666
0.0649999976,0.296000004,9.9838419
0.0650499985,0.296000004,10.0407467
0.0650999993,0.395999998,10.249403
0.0651500002,0.296000004,10.3758602
0.065200001,0.296000004,10.4137983
0.0652500018,0.296000004,10.5971613
0.0652999952,0.395999998,10.5781937
0.0653499961,0.296000004,10.5276108
0.0653999969,0.395999998,10.4264431
0.0654499978,0.296000004,10.4137983
0.0654999986,0.296000004,10.3632145
0.0655499995,0.296000004,10.4074745
0.0656000003,0.395999998,10.4011526
0.0656500012,0.395999998,10.3442459
0.065700002,0.296000004,10.249403
0.0657499954,0.395999998,10.2430801
0.0657999963,0.395999998,10.3885059
0.0658499971,0.296000004,10.4454126
0.0658999979,0.395999998,10.6161299
0.0659499988,0.395999998,10.831109
0.0659999996,0.395999998,10.9385977
0.0660500005,0.296000004,11.1219616
0.0661000013,0.296000004,11.2673883
0.0661499947,0.296000004,11.4950113
0.0661999956,0.296000004,11.4507523
0.0662499964,0.296000004,11.3685541
0.0662999973,0.296000004,11.2294502
0.0663499981,0.395999998,10.9638882
0.066399999,0.395999998,10.6730366
0.0664499998,0.395999998,10.3695374
0.0665000007,0.395999998,10.1798515
0.0665500015,0.296000004,10.1355906
0.0665999949,0.296000004,10.249403
0.0666499957,0.296000004,10.4959955
0.0666999966,0.395999998,10.6603899
0.0667499974,0.395999998,10.698328
0.0667999983,0.395999998,10.654068
0.0668499991,0.296000004,10.6920052
0.0669,0.395999998,10.8247862
0.0669500008,0.395999998,10.9449205
0.0670000017,0.395999998,11.0650558
0.0670499951,0.395999998,11.1851892
0.0670999959,0.395999998,11.3179712
0.0671499968,0.395999998,11.5203037
0.0671999976,0.395999998,11.7352819
0.0672499985,0.296000004,11.9249678
0.0672999993,0.296000004,12.0830402
0.0673500001,0.395999998,12.2158213
0.067400001,0.296000004,12.1525927
0.0674500018,0.296000004,11.9439363
0.0674999952,0.296000004,11.779541
0.0675499961,0.296000004,11.5139799
0.0675999969,0.395999998,11.2420959
0.0676499978,0.395999998,10.8753691
0.0676999986,0.296000004,10.521287
0.0677499995,0.296000004,10.3126307
0.0678000003,0.296000004,10.2367573
0.0678500012,0.395999998,10.1672049
0.067900002,0.296000004,10.0660391
0.0679499954,0.395999998,9.99648666
0.0679999962,0.395999998,10.0597153
0.0680499971,0.296000004,10.0850077
0.0680999979,0.395999998,10.2367573
0.0681499988,0.395999998,10.4833498
0.0681999996,0.395999998,10.6350994
0.0682500005,0.296000004,10.837431
0.0683000013,0.395999998,11.0903473
0.0683499947,0.296000004,11.3685541
0.0683999956,0.296000004,11.4507523
0.0684499964,0.296000004,11.5455942
0.0684999973,0.296000004,11.4823656
0.0685499981,0.395999998,11.3116474
0.068599999,0.395999998,11.0650558
0.0686499998,0.296000004,10.7994947
0.0687000006,0.395999998,10.6034842
0.0687500015,0.296000004,10.5402565
0.0687999949,0.395999998,10.4264431
0.0688499957,0.296000004,10.4707041
0.0688999966,0.395999998,10.4454126
0.0689499974,0.395999998,10.5465794
0.0689999983,0.296000004,10.5592251
0.0690499991,0.296000004,10.6793585
0.0691,0.395999998,10.8880148
0.0691500008,0.395999998,10.9765348
0.0692000017,0.395999998,10.8753691
0.0692499951,0.395999998,10.881691
0.0692999959,0.296000004,11.0207949
0.0693499967,0.296000004,11.2104816
0.0693999976,0.395999998,11.419137
0.0694499984,0.296000004,11.4697208
0.0694999993,0.395999998,11.3559084
0.0695500001,0.395999998,11.3179712
0.069600001,0.296000004,11.2041588
0.0696500018,0.395999998,11.0966702
0.0696999952,0.395999998,11.1156387
0.0697499961,0.296000004,11.0397635
0.0697999969,0.296000004,11.058732
0.0698499978,0.395999998,11.147253
0.0698999986,0.296000004,11.1346073
0.0699499995,0.296000004,11.014473
0.0700000003,0.296000004,10.9955034
0.0700500011,0.296000004,10.8880148
0.0700999945,0.296000004,10.7489109
0.0701499954,0.395999998,10.5276108
0.0701999962,0.296000004,10.3252773
0.0702499971,0.296000004,10.0786839
0.0702999979,0.296000004,10.0028105
0.0703499988,0.395999998,9.88267517
0.0703999996,0.296000004,9.82576847
0.0704500005,0.296000004,9.7246027
0.0705000013,0.395999998,9.79415417
0.0705499947,0.296000004,9.84473801
0.0705999956,0.296000004,9.85106087
0.0706499964,0.395999998,9.9901638
0.0706999972,0.395999998,10.0976534
0.0707499981,0.296000004,10.1039762
0.0707999989,0.296000004,10.2620487
0.0708499998,0.296000004,10.4770269
0.0709000006,0.296000004,10.5971613
0.0709500015,0.296000004,10.6161299
0.0709999949,0.296000004,10.5465794
0.0710499957,0.395999998,10.4137983
0.0710999966,0.296000004,10.2430801
0.0711499974,0.395999998,10.0597153
0.0711999983,0.395999998,9.9838419
0.0712499991,0.296000004,9.91428947
0.0713,0.296000004,9.9838419
0.0713500008,0.296000004,10.205142
0.0714000016,0.395999998,10.3063087
0.071449995,0.296000004,10.3632145
0.0714999959,0.395999998,10.3505688
0.0715499967,0.296000004,10.4327669
0.0715999976,0.296000004,10.4137983
0.0716499984,0.395999998,10.5149641
0.0716999993,0.395999998,10.521287
0.0717500001,0.395999998,10.4833498
0.071800001,0.296000004,10.521287
0.0718500018,0.395999998,10.6414213
0.0718999952,0.395999998,10.8753691
0.0719499961,0.296000004,10.9891806
0.0719999969,0.296000004,11.0966702
0.0720499977,0.395999998,11.2863569
0.0720999986,0.395999998,11.3053255
0.0721499994,0.395999998,11.2168045
0.0722000003,0.296000004,11.1725454
0.0722500011,0.296000004,11.2041588
0.0722999945,0.296000004,11.3369398
0.0723499954,0.395999998,11.2547417
0.0723999962,0.296000004,11.1282845
0.0724499971,0.395999998,10.9322739
0.0724999979,0.395999998,10.8247862
0.0725499988,0.395999998,10.698328
0.0725999996,0.395999998,10.6414213
0.0726500005,0.395999998,10.7172966
0.0727000013,0.395999998,10.9069834
0.0727499947,0.296000004,11.1346073
0.0727999955,0.395999998,11.4317837
0.0728499964,0.296000004,11.7163134
0.0728999972,0.395999998,11.7732191
0.0729499981,0.296000004,11.8427706
0.0729999989,0.296000004,11.7605734
0.0730499998,0.296000004,11.6783762
0.0731000006,0.395999998,11.4950113
0.0731500015,0.296000004,11.2547417
0.0731999949,0.395999998,10.9638882
0.0732499957,0.395999998,10.7742023
0.0732999966,0.395999998,10.5465794
0.0733499974,0.296000004,10.4643812
0.0733999982,0.395999998,10.4959955
0.0734499991,0.395999998,10.6793585
0.0734999999,0.296000004,10.7552338
0.0735500008,0.395999998,10.9385977
0.0736000016,0.296000004,11.1535759
0.073649995,0.395999998,11.2168045
0.0736999959,0.395999998,11.330617
0.0737499967,0.296000004,11.2990026
0.0737999976,0.296000004,11.2990026
0.0738499984,0.296000004,11.3811998
0.0738999993,0.296000004,11.330617
0.0739500001,0.395999998,11.1725454
0.074000001,0.395999998,10.9575663
0.0740500018,0.296000004,10.7172966
0.0740999952,0.296000004,10.565547
0.074149996,0.395999998,10.5339327
0.0741999969,0.395999998,10.4517355
0.0742499977,0.296000004,10.3568916
0.0742999986,0.395999998,10.4011526
0.0743499994,0.395999998,10.5465794
0.0744000003,0.296000004,10.6034842
0.0744500011,0.395999998,10.7489109
0.0744999945,0.296000004,10.9765348
0.0745499954,0.395999998,11.0650558
0.0745999962,0.296000004,11.1851892
0.0746499971,0.296000004,11.1978359
0.0746999979,0.296000004,11.2294502
0.0747499987,0.296000004,11.1535759
0.0747999996,0.296000004,11.0018263
0.0748500004,0.395999998,10.7868481
0.0749000013,0.395999998,10.5529013
0.0749499947,0.395999998,10.2810173